hydro_kde,id
0.001527126063592732,B0001
0.0012829455081373453,B0002
0.0013778163120150566,B0003
6.58892618957907e-4,B0004
0.001117186271585524,B0005
0.0013812979450449347,B0006
0.0013812979450449347,B0007
0.0014790237182751298,B0008
0.0015701003139838576,B0009
0.001322075631469488,B0010
0.0013591708848252892,B0011
0.0012686315070216854,B0012
0.0013591708848252892,B0013
0.0012686315070216854,B0014
0.0012076429557055235,B0015
9.060799493454397e-4,B0016
6.567522650584579e-4,B0017
8.946300949901342e-4,B0018
9.769370080903172e-4,B0019
9.9235400557518e-4,B0020
9.120753384195268e-4,B0021
9.792559867491946e-4,B0022
0.0010645701549947262,B0023
9.56245930865407e-4,B0024
9.415224000501136e-4,B0025
9.56245930865407e-4,B0026
9.309725719504058e-4,B0029
4.6371473581530154e-4,B0030
5.426967400126159e-4,B0031
0.0015644824597984552,B0032
0.0012174671282991767,B0033
0.0012174671282991767,B0034
9.587790700607002e-4,B0035
0.0013081387849524617,B0036
0.0012355101061984897,B0037
0.0013251910762240489,B0038
0.0010473951697349548,B0039
9.618264739401639e-4,B0040
0.001071092711451153,B0041
0.0010001513874158263,B0042
0.0010057342393944662,B0043
0.0010057342393944662,B0044
0.00119809169943134,B0045
0.0010824907338246703,B0046
0.00140862085390836,B0047
0.00140862085390836,B0048
0.001369242207147181,B0049
0.0014132416884725292,B0050
0.0013813882833346725,B0051
0.0013813882833346725,B0052
0.0014358926564455032,B0053
7.427425007335842e-4,B0054
0.0014358926564455032,B0055
0.0012932507088407874,B0056
0.0012932507088407874,B0057
0.0015852103242650628,B0058
7.220974075607955e-4,B0059
5.067650927230716e-4,B0060
0.0010846544289961457,B0061
0.0010709747322835029,B0062
9.32362008218964e-4,B0063
0.0010812770342454314,B0064
0.0010005881000931065,B0065
9.220071951858699e-4,B0066
9.53071634285152e-4,B0067
0.0011577499099075794,B0068
0.0023476378992199898,B0069
0.0023476378992199898,B0070
8.03018338046968e-4,B0071
8.03018338046968e-4,B0072
8.03018338046968e-4,B0073
8.03018338046968e-4,B0074
6.780661642551422e-4,B0075
0.0017207328928634524,B0076
0.0017207328928634524,B0077
0.0017207328928634524,B0078
0.0017207328928634524,B0079
8.992955166225632e-4,B0080
9.224352543242276e-4,B0081
9.602243662811816e-4,B0082
9.476279956288636e-4,B0083
0.0010649891337379813,B0084
0.0010649891337379813,B0085
0.0011325462255626917,B0086
0.0017586007015779614,B0087
0.0010045059025287628,B0088
5.886798026040196e-4,B0089
0.0012912758393213153,B0090
0.0013591708848252892,B0091
0.0016768862260505557,B0092
0.0013286659959703684,B0093
0.0012879063142463565,B0094
0.0012002811999991536,B0095
0.0012002811999991536,B0096
0.0010367796057835221,B0097
0.00158222415484488,B0098
8.482257835566998e-4,B0099
8.729622738125423e-4,B0100
8.729622738125423e-4,B0101
8.729622738125423e-4,B0102
0.0026006349362432957,B0103
0.001411774312146008,B0104
0.0022043480615442,B0105
0.0020533802453428507,B0106
9.617997566238046e-4,B0107
9.84249752946198e-4,B0108
9.767664208387334e-4,B0109
9.84249752946198e-4,B0110
0.0012655244208872318,B0111
0.0013812979450449347,B0112
5.886798026040196e-4,B0113
5.886798026040196e-4,B0114
0.0012174671282991767,B0115
9.53071634285152e-4,B0116
0.001015143352560699,B0117
9.120753384195268e-4,B0118
9.120753384195268e-4,B0119
9.120753384195268e-4,B0120
9.120753384195268e-4,B0121
0.0010589439577112596,B0122
7.742106099613011e-4,B0123
0.001208276255056262,B0124
5.426967400126159e-4,B0125
3.995691076852381e-4,B0126
4.71132923848927e-4,B0127
3.280052915215492e-4,B0128
5.426967400126159e-4,B0129
0.0015825787171100576,B0130
0.0010325696396951873,B0131
0.0013271272570515673,B0132
0.001494753174483776,B0133
5.075620720162988e-4,B0134
6.69558416120708e-4,B0135
9.9877460161224e-4,B0136
0.0016930787824094296,B0137
0.0013591708848252892,B0138
0.0013591708848252892,B0139
0.0013591708848252892,B0140
0.0013591708848252892,B0141
0.0015281978994607925,B0142
0.0017207328928634524,B0143
0.0017207328928634524,B0144
0.0017333554957682888,B0145
0.0017207328928634524,B0146
0.0014346953248605132,B0147
0.0014000714290887117,B0148
0.0014000714290887117,B0149
0.0015281978994607925,B0150
0.0015281978994607925,B0151
0.001128589385189116,B0153
9.271835054581364e-4,B0154
6.899369958167275e-4,B0155
8.937129168771207e-4,B0156
0.0011030832538381219,B0157
0.0015765366842970252,B0158
8.482257835566998e-4,B0159
0.001081998459994793,B0160
0.0014000714290887117,B0161
0.0014000714290887117,B0162
7.338576251640916e-4,B0163
6.200602898995081e-4,B0164
5.631616222672164e-4,B0165
9.867000859230756e-4,B0166
0.001072554849088192,B0167
8.983382722362876e-4,B0168
0.00163929242019852,B0169
0.001427647308446467,B0170
9.087407379411161e-4,B0171
0.001304309582337737,B0172
0.0013094087674592931,B0173
0.001304309582337737,B0174
0.0013196071377024055,B0175
0.0020626303739845753,B0176
0.0011257193594550092,B0177
9.016162948682904e-4,B0178
0.001429452405621608,B0179
0.0010330660734325647,B0180
0.0011929763713851571,B0181
0.001150095253251493,B0182
0.001150095253251493,B0183
9.02339699678123e-4,B0184
9.285252308472991e-4,B0185
9.618264739401639e-4,B0186
7.182851744194826e-4,B0187
8.257857407443225e-4,B0188
7.527750955584148e-4,B0189
7.478230982087553e-4,B0190
7.16269772965461e-4,B0191
7.16269772965461e-4,B0192
8.257857407443225e-4,B0193
8.257857407443225e-4,B0194
7.59742494362096e-4,B0195
0.0013202284462749958,B0196
0.001312320896734794,B0197
0.001464847126044333,B0198
0.0013787136413156986,B0199
0.0018999683670699596,B0200
0.0018999683670699596,B0201
0.0018999683670699596,B0202
0.0018999683670699596,B0203
7.102877910559376e-4,B0204
6.796982294569413e-4,B0205
6.796982294569413e-4,B0206
0.0012174671282991767,B0207
0.0012174671282991767,B0208
0.0016086969602232177,B0209
8.540806205322345e-4,B0210
0.0014714622714867194,B0211
0.0015750785823911428,B0213
0.0015750785823911428,B0214
5.179796717129648e-4,B0215
5.179796717129648e-4,B0216
4.7835275957671303e-4,B0217
9.70458728261292e-4,B0218
9.70458728261292e-4,B0219
7.561394401515523e-4,B0220
0.0010054486338049173,B0221
0.0010054486338049173,B0222
5.378133500926197e-4,B0223
5.378133500926197e-4,B0224
0.0016677678795531392,B0225
9.934483096003532e-4,B0226
0.0011390837219854195,B0227
0.0011764014683042963,B0228
0.0011764014683042963,B0229
0.0011125914752483368,B0230
0.0010136113657305639,B0231
0.0010685605084290728,B0232
0.0013051381101831794,B0233
0.0015063124398390453,B0234
0.0011139297469829519,B0235
0.0011030832538381219,B0236
0.001484317899060746,B0237
0.0015540359308943152,B0238
0.0014941545280938346,B0239
0.001625594450160861,B0240
0.001064293785020709,B0241
0.0012353857746347785,B0242
0.0011562831156576674,B0243
0.0011562831156576674,B0244
0.0012353857746347785,B0245
0.0012353857746347785,B0246
0.0019890271592885255,B0247
0.0017063566483557224,B0248
9.066566708497703e-4,B0249
0.0015350062167271972,B0250
0.0013366392037520807,B0251
0.0011472907693435748,B0252
0.001150095253251493,B0253
0.001150095253251493,B0254
0.0012563627446070314,B0255
0.001078824046999216,B0256
0.001078824046999216,B0257
0.001078824046999216,B0258
0.0011416818015277386,B0259
0.0011416818015277386,B0260
0.0011416818015277386,B0261
0.0015591608826071024,B0262
0.002257265616208315,B0263
0.0010034494334831834,B0264
0.0011065633734688163,B0265
0.0010207064915448427,B0266
0.0010207064915448427,B0267
0.0011065633734688163,B0268
0.0010679005257164438,B0269
0.0011420555723210175,B0270
0.0011384241903821628,B0271
0.0011420555723210175,B0272
0.0010878669563680887,B0273
0.0010878669563680887,B0274
0.0020533802453428507,B0275
0.0020533802453428507,B0276
7.811243218990663e-4,B0277
8.178652264177799e-4,B0278
7.40121021711578e-4,B0279
3.990989353042096e-4,B0280
9.617997566238046e-4,B0281
0.0012270857114344835,B0282
0.0014289628791933258,B0283
0.0015319070468346279,B0284
8.657033128353456e-4,B0285
8.842743700370193e-4,B0286
5.657547153532505e-4,B0287
5.657547153532505e-4,B0288
4.86093363724649e-4,B0289
4.6062126057222486e-4,B0290
4.6062126057222486e-4,B0291
0.0011902875266969204,B0292
8.415517368121073e-4,B0293
0.0014947457239031792,B0294
0.0011614621616899967,B0295
0.0014588901540264487,B0296
0.0022132934536784887,B0297
0.0019618256871278086,B0298
0.0014588901540264487,B0299
0.001683558492610852,B0300
9.270928567275405e-4,B0301
0.0012067282805219293,B0302
0.0011540058767423034,B0303
0.0011540058767423034,B0304
0.0011109434999525547,B0305
0.0014264366356655956,B0306
0.001503664767369628,B0307
0.0015445526999731858,B0308
0.0013165854616090655,B0309
0.0015230808639898896,B0310
0.001503664767369628,B0311
0.0014509693952277302,B0312
0.0015230808639898896,B0313
0.0014509693952277302,B0314
0.0011419641086831689,B0316
0.0013940019416622818,B0317
0.001389314963792761,B0318
0.001125803217291832,B0319
0.001146967716825505,B0320
7.450988050550222e-4,B0321
0.001599843807828923,B0322
0.001397405518218875,B0323
0.001800678321160376,B0324
0.0010374017292633653,B0325
9.066566708497703e-4,B0326
9.060799493454397e-4,B0327
9.060799493454397e-4,B0328
9.060799493454397e-4,B0329
0.0014787958934903145,B0330
0.0014787958934903145,B0331
0.0012355101061984897,B0332
0.001180742506403476,B0333
0.0011110735242255032,B0334
6.819195696152747e-4,B0335
0.0012072050012648106,B0336
0.0011829828921084602,B0337
0.0011577499099075794,B0338
0.0012728867586702108,B0339
0.0011961288594951232,B0340
0.0011961288594951232,B0341
0.0012025916948914528,B0342
0.0011977752049763997,B0343
8.483881829306483e-4,B0344
0.001206384040415287,B0345
0.001206384040415287,B0346
0.0012981236213818192,B0347
0.0010331162096311648,B0348
9.270928567275405e-4,B0349
0.0013839555516218145,B0351
0.0016025195363909006,B0352
0.0010316446617556114,B0353
0.0010673548094928265,B0354
0.0014092856630062063,B0355
0.0018330460879951715,B0356
0.0013085093814879656,B0357
0.0015558156650513411,B0358
9.934483096003532e-4,B0359
0.001567994593642652,B0360
0.0011849637376144528,B0361
0.0014394610576952498,B0362
0.0012932507088407874,B0363
0.001494753174483776,B0364
0.0011042499681934714,B0365
0.0013202284462749958,B0366
0.0014051600592210889,B0367
0.0018900004215538502,B0368
0.002020182553678751,B0369
0.0018900004215538502,B0370
0.0019767885096371174,B0371
0.001489824615418911,B0372
0.0015797893865965307,B0373
0.0016648330492898822,B0374
0.001586380220639209,B0375
6.920257583260536e-4,B0376
0.0015281978994607925,B0377
0.0010852646082639694,B0378
0.0014290787745267152,B0379
0.0021379562094807625,B0380
0.0021379562094807625,B0381
0.0015173812862485647,B0382
0.0012724061962217093,B0383
0.0012724061962217093,B0384
0.0013554726028814912,B0385
0.0012086619390174747,B0386
0.0011831145190323393,B0387
0.0018402735004201531,B0388
9.37362783588469e-4,B0389
9.37362783588469e-4,B0390
0.0010485691018402576,B0391
0.0011974988738074899,B0392
0.0012858802219852805,B0393
8.049259195104241e-4,B0394
8.121099478254715e-4,B0395
8.121099478254715e-4,B0396
8.056070461558799e-4,B0397
0.001376079861074686,B0398
0.0015591608826071024,B0399
0.001376079861074686,B0400
0.0014981338754296303,B0401
0.001376079861074686,B0402
0.0014981338754296303,B0403
0.001475470916678508,B0404
0.001376079861074686,B0405
0.001376079861074686,B0406
0.001376079861074686,B0407
0.0016942564009999235,B0408
0.001567994593642652,B0409
8.069692994467914e-4,B0410
8.069692994467914e-4,B0411
0.001339954324066639,B0412
0.0016049796249717474,B0413
9.628223294081787e-4,B0414
9.602243662811816e-4,B0415
0.0011065633734688163,B0416
0.0010755429044365882,B0417
0.0012481629382818937,B0418
0.0012075321283191442,B0419
6.920257583260536e-4,B0420
0.0017850580858066677,B0421
0.0012549827030549447,B0422
0.0015591608826071024,B0423
8.532382392634948e-4,B0424
0.0015230808639898896,B0425
0.0013165854616090655,B0426
0.001475470916678508,B0427
0.0013165854616090655,B0428
0.0013562483945861459,B0429
0.0013165854616090655,B0430
0.0013364169280976057,B0431
6.288797982657949e-4,B0432
6.489797960966825e-4,B0433
6.489797960966825e-4,B0434
0.0016027303257336218,B0435
0.0011415235931053758,B0436
9.205982787534595e-4,B0437
9.205982787534595e-4,B0438
0.0012337464140728116,B0439
0.001592316897585988,B0440
0.0013829897701119382,B0441
0.0013069234943638246,B0442
0.0010945425601676106,B0443
9.782147826626897e-4,B0444
9.782147826626897e-4,B0445
6.49108667857945e-4,B0446
7.649292820133269e-4,B0447
7.649292820133269e-4,B0448
9.688270123054584e-4,B0449
0.0013414972539370258,B0450
0.001503664767369628,B0451
0.0014233692781999707,B0452
0.0018967842916026711,B0453
9.285252308472991e-4,B0454
9.547107620164752e-4,B0455
9.285252308472991e-4,B0456
8.890201958517233e-4,B0457
0.001532590831629932,B0458
0.0011109434999525547,B0459
0.0011109434999525547,B0460
0.0011282449316543837,B0461
0.0012626647561167677,B0462
0.0012478351515407364,B0463
0.0015173812862485647,B0464
0.0015173812862485647,B0465
0.001380051509477198,B0466
0.0010207064915448427,B0467
0.0013641932746395469,B0468
0.0017035153384009998,B0469
0.0015840250222633283,B0470
0.0010915430029854178,B0471
0.0014179694699123502,B0472
0.0014537491369992495,B0473
0.0012068436481058598,B0474
0.0010610701283439994,B0475
0.0010510525122905772,B0476
0.0016736220568418503,B0477
0.0017586007015779614,B0478
0.0016736220568418503,B0479
0.0016736220568418503,B0480
0.0014128524732465546,B0481
0.0015013527202730377,B0482
0.001589852967299521,B0483
0.001391780950749914,B0484
0.0013622064143419266,B0485
0.0018395809456706047,B0486
0.001219910685904324,B0487
0.0013591708848252892,B0488
9.424344170838594e-4,B0489
0.001036995556205511,B0490
0.0014546180609613657,B0491
8.527369936928153e-4,B0492
8.026945676344136e-4,B0493
8.527369936928153e-4,B0494
0.0011279663303866982,B0495
9.163723249609271e-4,B0496
8.683871710672975e-4,B0497
7.740432629361749e-4,B0498
0.0013092629378661513,B0499
0.0014983972068876028,B0501
0.0017901793820783497,B0502
0.001808061186845104,B0503
8.489571046084166e-4,B0504
0.0013046651147305965,B0506
0.0010746916523203254,B0507
0.0010746916523203254,B0508
7.649292820133269e-4,B0509
7.649292820133269e-4,B0510
7.649292820133269e-4,B0511
0.001020562369376421,B0512
0.001061837188899517,B0513
9.782147826626897e-4,B0514
9.270928567275405e-4,B0515
0.0010649891337379813,B0516
0.0017314758151769638,B0517
9.95791672418515e-4,B0518
9.95791672418515e-4,B0519
0.0018565692007541656,B0520
0.0012481629382818937,B0521
0.0014793169684708118,B0522
0.001136227510869503,B0523
0.0011831145190323393,B0524
0.001015143352560699,B0525
0.001015143352560699,B0526
0.001375791383907199,B0527
0.001369242207147181,B0528
0.0013736083249871929,B0529
0.0010048476979136467,B0530
8.644673507660627e-4,B0531
0.0011654183035716414,B0532
0.0011654183035716414,B0533
0.0011654183035716414,B0534
0.0011118876282125711,B0535
0.0011118876282125711,B0536
0.0014708784874528646,B0537
9.53071634285152e-4,B0538
0.0014474429190158844,B0539
0.0012315512479593356,B0540
0.0011226067629953225,B0541
0.0011118876282125711,B0542
0.0014708784874528646,B0543
0.0011044037140284975,B0544
0.0011279663303866982,B0545
0.0016426310176029801,B0546
0.0013145079525808494,B0547
0.001182393985800445,B0548
0.0014394610576952498,B0549
0.001182393985800445,B0550
0.001295664580538869,B0551
0.002020182553678751,B0552
0.0016049796249717474,B0554
0.0016049796249717474,B0555
0.0017204290488734841,B0556
7.635997608304024e-4,B0557
0.0011109434999525547,B0558
0.0011540058767423034,B0559
7.338576251640916e-4,B0560
0.0013613640330731869,B0561
9.016162948682904e-4,B0562
6.053990024762849e-4,B0563
6.49108667857945e-4,B0564
6.49108667857945e-4,B0565
6.053990024762849e-4,B0566
5.179796717129648e-4,B0567
6.796982294569413e-4,B0568
6.49108667857945e-4,B0569
6.49108667857945e-4,B0570
0.0010880135232582688,B0571
0.0011087074332560103,B0572
0.0014959936573480566,B0573
0.0014676254165048401,B0574
0.0010193021735176444,B0575
0.001527735497802496,B0576
7.338576251640916e-4,B0578
0.001375791383907199,B0579
7.905531674623489e-4,B0580
8.264780044555664e-4,B0581
0.0012754984200000763,B0582
7.10291787981987e-4,B0583
4.6062126057222486e-4,B0584
0.0015879690181463957,B0585
0.0013009554240852594,B0586
9.069375577382743e-4,B0587
0.0010307441698387265,B0588
7.740432629361749e-4,B0589
8.03018338046968e-4,B0590
0.0015174796571955085,B0591
9.123165509663522e-4,B0592
9.56245930865407e-4,B0593
9.123165509663522e-4,B0594
9.56245930865407e-4,B0595
9.56245930865407e-4,B0596
8.668337250128388e-4,B0597
8.668337250128388e-4,B0598
0.0013642485719174147,B0599
6.489797960966825e-4,B0600
8.096174181749424e-4,B0601
9.84249752946198e-4,B0602
0.0014391338918358088,B0603
7.078016642481089e-4,B0604
7.078016642481089e-4,B0605
6.972843936334053e-4,B0606
8.069692994467914e-4,B0607
0.0013007593806833029,B0608
0.0014233692781999707,B0609
0.0015691338339820504,B0610
8.666437934152782e-4,B0611
0.0012879063142463565,B0612
0.0017035153384009998,B0613
0.0011325673937487106,B0614
0.0011703067769606907,M0001
0.0011703067769606907,M0002
0.0011845676926895976,M0003
0.0011703067769606907,M0004
9.148699464276433e-4,M0005
4.6009601404269535e-4,M0006
0.0012040891451761127,M0007
0.0012040891451761127,M0008
7.921852714692553e-4,M0009
5.076332599855959e-4,M0010
0.0010759115684777498,M0013
0.0012400038540363312,M0014
0.0012320871697738766,M0015
0.0016923148650676012,M0016
0.0010999778751283884,M0017
8.165393179903427e-4,M0018
0.0016749888891354203,M0019
0.0014346811221912503,M0020
7.67733552493155e-4,M0021
6.823079117263356e-4,M0022
7.67733552493155e-4,M0023
7.178176116819183e-4,M0024
6.855077808722854e-4,M0025
0.0012192163849249482,M0026
0.0012192163849249482,M0027
0.0015921512385830283,M0028
0.0013189518358558416,M0029
0.0017364464001730084,M0030
0.0018060576791564624,M0031
7.081920630298555e-4,M0032
0.0017364464001730084,M0033
0.0013532446464523673,M0034
0.0015723156975582242,M0035
0.0014849614817649126,M0036
0.0014849614817649126,M0037
0.001497240155003965,M0038
0.0010487379040569067,M0039
0.0010543157113716006,M0040
0.0010543157113716006,M0041
0.0013836504658684134,M0042
0.0014891279861330986,M0043
0.0017193437088280916,M0044
0.0015365584986284375,M0045
0.0012520975433290005,M0046
8.08882003184408e-4,M0047
8.799336307371656e-4,M0048
8.08882003184408e-4,M0049
8.695824847867092e-4,M0050
9.302829663890103e-4,M0051
0.0011920045362785459,M0052
0.0011951845372095704,M0053
0.001250081812031567,M0054
0.0013521219370886683,M0055
0.0011060017859563231,M0056
7.697987603023648e-4,M0057
0.0010041246423497796,M0058
9.953187545761466e-4,M0059
0.0010041246423497796,M0060
9.087568808657428e-4,M0061
9.433229570277035e-4,M0062
8.914738427847624e-4,M0063
8.914738427847624e-4,M0064
9.433229570277035e-4,M0065
2.7625769143924117e-4,M0066
0.0014450119342654943,M0067
0.001256855980803569,M0068
5.622910102829337e-4,M0069
4.530427686404437e-4,M0070
8.127106702886522e-4,M0071
5.708304039823512e-4,M0072
9.550003645320734e-4,M0073
0.0013672534842044115,M0074
0.001266175974160433,M0075
0.0012195565116902192,M0076
0.0013672534842044115,M0077
0.0012087562354281545,M0078
0.001351286913268268,M0079
0.001435865570480625,M0080
0.0013717610854655504,M0081
0.001435865570480625,M0082
0.0014682467638825376,M0083
0.0014593155356124043,M0084
0.00149658287409693,M0085
0.00149658287409693,M0086
0.0014593155356124043,M0087
0.00149658287409693,M0088
8.1737240543589e-4,M0089
8.506483670013646e-4,M0090
8.1737240543589e-4,M0091
7.254031952470541e-4,M0092
6.721747340634465e-4,M0093
7.85124022513628e-4,M0094
8.263395866379142e-4,M0095
0.0010757657000795007,M0096
0.0010757657000795007,M0097
6.983878362613419e-4,M0098
8.212863273608187e-4,M0099
0.0012942489702254534,M0100
0.0012942489702254534,M0101
0.0011747911339625716,M0102
0.0011747911339625716,M0103
0.0011747911339625716,M0104
7.904883241280913e-4,M0105
9.176903016244372e-4,M0106
0.0013980644289404154,M0107
0.0016234462382271886,M0108
9.603165866186222e-4,M0109
8.808539132587612e-4,M0110
8.808539132587612e-4,M0111
0.001119241933338344,M0112
9.926253696903586e-4,M0113
0.0019439603978147109,M0114
0.001238583237864077,M0116
0.0013575280318036675,M0117
0.001238583237864077,M0118
0.0012264366184050839,M0119
0.0012203633086755872,M0120
0.001426942724113663,M0121
0.0013168529452135165,M0122
5.386120756156743e-4,M0123
0.0011166580952703953,M0124
0.0011166580952703953,M0125
0.0011166580952703953,M0126
0.0014122988795861602,M0127
0.0015579457976855338,M0128
0.001689843600615859,M0129
9.360305848531425e-4,M0130
0.0010962708620354533,M0131
0.0012087562354281545,M0132
0.0012087562354281545,M0133
0.0013653079513460398,M0134
0.0010996632045134902,M0135
0.0013750508272399504,M0136
0.0010680148067573707,M0137
7.100944640114903e-4,M0138
6.365106673911214e-4,M0139
0.0016564963152632117,M0140
0.0015365584986284375,M0141
0.0015365584986284375,M0142
0.0010239093098789454,M0143
0.0011565849417820573,M0144
9.463586611673236e-4,M0145
0.0010213968344032764,M0146
0.0011665208730846643,M0147
6.39595091342926e-4,M0148
0.0010487379040569067,M0149
9.987417530889313e-4,M0150
9.737436776049435e-4,M0151
0.001004896320713063,M0152
9.445000323466957e-4,M0153
7.974447798915207e-4,M0154
0.0014342079327131312,M0155
0.0014894524356350303,M0156
0.0013237189268693328,M0157
0.0014894524356350303,M0158
0.0016274312511086464,M0159
0.0012267485726624727,M0160
0.001107498809384803,M0161
0.0011407232377678156,M0162
5.394331528805196e-4,M0163
6.954670534469187e-4,M0164
5.394331528805196e-4,M0165
5.914444530693194e-4,M0166
0.0012769557458038132,M0167
0.0010613721096888185,M0168
9.810758056119084e-4,M0169
9.810758056119084e-4,M0170
9.810758056119084e-4,M0171
0.0010238659335300327,M0172
0.0010621524415910244,M0173
0.001227365496257941,M0174
0.0015627604443579912,M0175
0.0015627604443579912,M0176
9.568603709340096e-4,M0177
0.0010327628115192056,M0178
9.568603709340096e-4,M0179
0.0012239724940930803,M0180
0.001372828963212669,M0181
4.530427686404437e-4,M0182
5.257959613421311e-4,M0183
6.066858962488672e-4,M0184
5.538931582123041e-4,M0185
5.202763616883507e-4,M0186
4.530427686404437e-4,M0187
5.202763616883507e-4,M0188
4.530427686404437e-4,M0189
0.0015844610752537847,M0190
8.685425273142755e-4,M0191
9.744731360115111e-4,M0192
0.0016569906923299034,M0193
9.106905781663954e-4,M0194
9.106905781663954e-4,M0195
9.106905781663954e-4,M0196
6.897446932271123e-4,M0197
0.0013058069162070751,M0198
0.0013058069162070751,M0199
0.0011274582551171382,M0200
0.0011019053248067696,M0201
0.0012567320372909307,M0202
0.0012279485817998648,M0203
0.0012279485817998648,M0204
0.0012279485817998648,M0205
0.0012279485817998648,M0206
0.001832503592595458,M0207
0.0011539893069614966,M0208
0.0013782369205728173,M0209
9.835370583459735e-4,M0210
0.0014786541772385438,M0211
9.835370583459735e-4,M0212
7.134542101994157e-4,M0213
7.671422208659351e-4,M0214
0.0015536980936303735,M0215
0.0014104725560173392,M0216
0.001879775741448005,M0217
8.662615049009522e-4,M0218
0.0010047557298094034,M0219
0.0010047557298094034,M0220
0.0013089371689905722,M0221
0.0016234462382271886,M0222
0.0011306826490908861,M0223
0.0016234462382271886,M0224
0.0010588414734229445,M0225
0.0010588414734229445,M0226
0.0010676454287022353,M0227
0.0010953198264663417,M0228
0.0010588414734229445,M0229
0.0010953198264663417,M0230
0.0010588414734229445,M0231
0.0011682765325531363,M0232
0.0010676454287022353,M0233
0.0010588414734229445,M0234
0.001704203779809177,M0235
0.0019475638788814347,M0236
0.001704203779809177,M0237
0.001704203779809177,M0238
0.001704203779809177,M0239
0.001704203779809177,M0240
0.001345264445990324,M0241
8.767726249061525e-4,M0242
8.767726249061525e-4,M0243
6.821561910328455e-4,M0244
4.827440425287932e-4,M0245
4.827440425287932e-4,M0246
7.99111439846456e-4,M0247
8.017990233687063e-4,M0248
5.881998416346809e-4,M0249
5.881998416346809e-4,M0250
4.827440425287932e-4,M0251
4.827440425287932e-4,M0252
0.001052542240358889,M0253
0.001403176924213767,M0254
0.0014031550381332636,M0255
0.0011713578132912517,M0256
0.0011713578132912517,M0257
0.001221940852701664,M0258
7.100944640114903e-4,M0259
9.398056815067927e-4,M0260
9.551566326990724e-4,M0261
9.551566326990724e-4,M0262
2.950839407276362e-4,M0263
0.0013218428939580917,M0264
0.0011412348443021376,M0265
9.437903063371778e-4,M0266
8.474548424904546e-4,M0267
8.758067269809544e-4,M0268
6.462446375129124e-4,M0269
7.013710564933717e-4,M0270
6.456069531850517e-4,M0271
0.001006974489428103,M0272
0.001025379713003834,M0273
9.30038591225942e-4,M0274
0.0010260340059176087,M0275
0.0014002398122102023,M0276
4.3412215503243107e-4,M0277
4.5409340721865493e-4,M0278
0.0010570865124464035,M0279
0.0010570865124464035,M0280
0.0010570865124464035,M0281
0.0011406540870666504,M0282
0.0010960536698500316,M0283
9.455604013055563e-4,M0284
2.454683417454362e-4,M0285
2.454683417454362e-4,M0286
9.079516748897731e-4,M0287
0.0011096346424892545,M0288
8.715769702879091e-4,M0289
0.0011096346424892545,M0290
7.904806213142971e-4,M0291
0.0011096346424892545,M0292
0.001127407265206178,M0293
0.0011583643111710746,M0294
9.701130523656806e-4,M0295
0.0010788461659103632,M0296
4.6008154943895835e-4,M0297
0.0012245294637978077,M0298
0.0011561889356623094,M0299
8.16711806692183e-4,M0300
0.0015365584986284375,M0302
0.0015365584986284375,M0303
0.0015365584986284375,M0304
2.6467395946383476e-4,M0305
2.3765131481923163e-4,M0306
8.137564524076879e-4,M0307
6.864003953523934e-4,M0308
8.0931760603562e-4,M0309
5.408675642684102e-4,M0310
0.001234651543200016,M0311
0.0011221581371501088,M0312
0.0013094226208825905,M0313
6.9406908005476e-4,M0315
0.001178706414066255,M0316
0.0014705564826726913,M0317
0.0012402439024299383,M0318
0.0012787948362529278,M0319
9.98661620542407e-4,M0320
5.560146722321709e-4,M0321
6.116920655282835e-4,M0322
5.799448699690402e-4,M0323
6.009445642121136e-4,M0324
6.009445642121136e-4,M0325
0.0014059244422242045,M0326
0.0014059244422242045,M0327
0.0014059244422242045,M0328
0.0014059244422242045,M0329
0.001052888110280037,M0330
0.0013833814688647787,M0331
0.0015280089573934674,M0332
0.0010487379040569067,M0333
9.737436776049435e-4,M0334
0.0011270970571786165,M0335
0.0011763605289161205,M0336
0.0010509017932539184,M0337
0.0010143122635781765,M0338
5.527280736714602e-4,M0339
6.983573354470233e-4,M0340
0.0012463030172511936,M0341
8.107975590974092e-4,M0342
8.962979773059487e-4,M0343
8.962979773059487e-4,M0344
0.0021672872826457024,M0345
8.526953170076013e-4,M0346
0.0022546635242179035,M0347
0.002148914383724332,M0348
0.0021550386833647885,M0349
0.002148914383724332,M0350
0.0021611629830052457,M0351
0.0012942489702254534,M0352
7.400491158477962e-4,M0353
0.0010551479645073414,M0354
0.001024542065958182,M0355
9.734826744534075e-4,M0356
9.734826744534075e-4,M0357
9.734826744534075e-4,M0358
3.9803019414345425e-4,M0359
0.0012462363811209798,M0360
0.001210633316077292,M0361
8.759034681133926e-4,M0362
8.759034681133926e-4,M0363
6.830496907544633e-4,M0364
0.0013748613419011235,M0365
0.0010692859068512917,M0366
8.218237198889256e-4,M0367
0.0016794886905699968,M0368
5.139972781762481e-4,M0369
0.0012369678200532992,M0370
0.0012280341470614076,M0371
0.0010848601814359426,M0372
0.0012280341470614076,M0373
7.603322737850249e-4,M0374
7.687451434321702e-4,M0375
0.0010353814577683806,M0376
0.0014230093220248818,M0377
0.0014949430866787832,M0378
0.0011559046882515152,M0379
0.0010889124823734164,M0380
0.0011398928860823314,M0381
7.247076719067991e-4,M0382
6.501667085103691e-4,M0383
6.501667085103691e-4,M0384
0.0011406331323087215,M0385
9.752204641699791e-4,M0386
8.934078893313805e-4,M0387
0.001495788882796963,M0388
0.001495788882796963,M0389
0.0016488946275785565,M0390
0.001373534129622082,M0391
0.0013534855097532272,M0392
0.0013534855097532272,M0393
6.192921622035404e-4,M0394
6.192921622035404e-4,M0395
0.0015069351065903902,M0396
0.001394536579027772,M0397
0.0013154700864106417,M0398
0.0012718359551702936,M0399
0.002410643268376589,M0400
0.0012520975433290005,M0401
9.425774915143847e-4,M0402
9.425774915143847e-4,M0403
0.0012975465739145874,M0404
0.0011178858112543821,M0405
0.0011178858112543821,M0406
0.001565523911267519,M0407
0.0017859807703644037,M0408
0.0015079148579388857,M0409
0.0011138815122346084,M0410
0.001394536579027772,M0411
0.001956172985956073,M0412
9.754269267432392e-4,M0413
0.0010207449086010456,M0414
9.189342963509262e-4,M0415
9.030460729263723e-4,M0416
9.087568808657428e-4,M0417
8.180268807336688e-4,M0418
0.001122555520851165,M0419
0.0012243661331012845,M0420
0.001029588592549165,M0421
0.001003090525045991,M0422
0.0010030422514925401,M0423
0.0010032353457063437,M0424
0.0011764391092583537,M0425
0.001255932729691267,M0426
0.0016333152307197452,M0427
8.7851716671139e-4,M0428
6.96210190653801e-4,M0429
0.0011467161821201444,M0430
0.0011412348443021376,M0431
0.0011282468913123012,M0432
9.905019542202353e-4,M0433
8.914738427847624e-4,M0434
9.905019542202353e-4,M0435
9.26557055208832e-4,M0436
9.26557055208832e-4,M0437
9.574925837417444e-4,M0438
0.0010385975474491715,M0439
0.0013797514839097857,M0440
0.0013514868915081024,M0441
0.0011138657573610544,M0442
0.0011138657573610544,M0443
9.20686909618477e-4,M0444
0.0011138657573610544,M0445
9.751426056027413e-4,M0446
0.0011138657573610544,M0447
0.0015802611596882343,M0448
0.0015802611596882343,M0449
0.0017567219911143184,M0450
0.0014694156125187874,M0451
0.0014894524356350303,M0452
6.23074360191822e-4,M0453
6.232275627553463e-4,M0454
0.0012510808495183785,M0455
0.0015585193177685142,M0456
0.0018039505230262876,M0457
9.539481834508479e-4,M0458
8.91490412565569e-4,M0459
8.91490412565569e-4,M0460
0.00149658287409693,M0461
0.00149658287409693,M0462
7.689861813560128e-4,M0463
8.233566768467426e-4,M0464
0.0010047180112451315,M0465
5.254594725556672e-4,M0466
0.0018374068895354867,M0468
0.0017679468262940645,M0469
0.0019741905853152275,M0470
5.62820234335959e-4,M0471
8.58923071064055e-4,M0472
0.0014681646134704351,M0473
0.0014593916712328792,M0474
6.157064732785026e-4,M0475
6.157064732785026e-4,M0476
7.367115079735717e-4,M0477
6.817152607254684e-4,M0478
9.754269267432392e-4,M0479
7.962715268755952e-4,M0480
8.808966376818717e-4,M0481
8.215692553979655e-4,M0482
4.6749081229791045e-4,M0483
5.468252347782254e-4,M0484
5.756811976122359e-4,M0485
4.6749081229791045e-4,M0486
8.465045248158276e-4,M0487
0.0010166585367793839,M0488
6.933024851605296e-4,M0489
6.933024851605296e-4,M0490
7.462518406100571e-4,M0491
9.335509967058897e-4,M0492
9.880846676727135e-4,M0493
0.0010319521728282173,M0494
0.0010996632045134902,M0495
0.0011417632922530174,M0496
6.660025683231652e-4,M0497
6.159016435655454e-4,M0498
8.061147333743671e-4,M0499
8.705777581781149e-4,M0500
9.21890779864043e-4,M0501
8.060299636175235e-4,M0502
8.685092131296793e-4,M0503
0.0017190134385600686,M0504
8.477205061353743e-4,M0505
0.0014665234678735335,M0506
0.0014443692440787952,M0507
0.0015263555493826668,M0508
0.0014443692440787952,M0509
0.0010625654831528664,M0510
0.0012632118305191398,M0511
0.0012632118305191398,M0512
8.381872903555632e-4,M0513
9.270321655397614e-4,M0514
8.291433332487941e-4,M0515
8.40716646052897e-4,M0516
8.349299896508455e-4,M0517
0.0011596559391667445,M0518
0.0012653774659459789,M0519
0.001204299391247332,M0520
9.002001606859267e-4,M0521
9.002001606859267e-4,M0522
0.0010249783905843894,M0523
9.515720109144846e-4,M0524
0.0010543157113716006,M0525
9.002001606859267e-4,M0526
9.515720109144846e-4,M0527
0.001796104945242405,M0528
0.001908782054670155,M0529
0.0019733619410544634,M0530
6.60956371575594e-4,M0531
0.0011730691185221076,M0532
0.0011730691185221076,M0533
0.0012243661331012845,M0534
2.888500166591257e-4,M0536
4.324556211940944e-4,M0537
2.888500166591257e-4,M0538
2.888500166591257e-4,M0539
0.0010298483539372683,M0540
0.0010298483539372683,M0541
0.0013009991962462664,M0542
6.39595091342926e-4,M0543
6.39595091342926e-4,M0544
0.0012264366184050839,M0545
0.0011830604635179043,M0546
0.001238583237864077,M0547
0.001052888110280037,M0548
0.0011529876307273905,M0549
9.144669165834785e-4,M0550
9.620556375011802e-4,M0551
0.0014589647762477398,M0552
0.0012954846024513245,M0553
0.0013277559773996472,M0554
0.0010480935452505946,M0555
0.0010213968344032764,M0556
0.001455695213129123,M0557
0.001511931768618524,M0558
0.0014501136029139161,M0559
0.0016205600695684552,M0560
0.0013463093588749568,M0561
0.001338121248409152,M0562
0.001338121248409152,M0563
7.085187244229019e-4,M0564
0.0016984845666835706,M0565
0.0011649694060906768,M0566
0.0013354967425887783,M0567
0.0014556837268173695,M0568
0.0013354967425887783,M0569
8.214391418732703e-4,M0570
9.185628267005086e-4,M0571
8.214391418732703e-4,M0572
7.840474136173725e-4,M0573
6.662535791595777e-4,M0574
0.0012403155754630764,M0575
0.0011718330206349492,M0576
0.00127455685287714,M0577
9.756386280059814e-4,M0578
9.756386280059814e-4,M0579
0.0010278300615027547,M0580
4.0103826904669404e-4,M0581
0.001293318928219378,M0582
6.592952995561063e-4,M0583
8.643887704238296e-4,M0584
9.097122820094228e-4,M0585
9.097122820094228e-4,M0586
7.919341907836497e-4,M0587
8.669974631629884e-4,M0588
7.624896679772064e-4,M0589
9.097122820094228e-4,M0590
0.0011542762319246929,M0591
0.0011665606871247292,M0592
0.0011665606871247292,M0593
0.0019918172620236874,M0594
4.7449901467189193e-4,M0595
0.001068658079020679,M0596
9.964879602193833e-4,M0597
0.001068658079020679,M0598
0.0010437341523356735,M0599
0.001068658079020679,M0600
0.001068658079020679,M0601
0.001068658079020679,M0602
8.998858975246549e-4,M0603
0.0010124006851886709,M0604
8.998858975246549e-4,M0605
8.998858975246549e-4,M0606
9.746921908420821e-4,M0607
0.001068658079020679,M0608
0.001600163639523089,M0609
0.001181599839280049,M0610
8.18747968878597e-4,M0611
7.34263623598963e-4,M0612
0.0011246762393663328,M0613
7.581479148939252e-4,M0614
9.384527802467346e-4,M0615
0.0013034470612183213,M0616
9.062046883627772e-4,M0617
0.0011374230962246656,M0618
0.0010389976669102907,M0619
0.0012090966338291764,M0620
3.677771892398596e-4,M0621
0.0013022107305005193,M0622
0.0017403378151357174,M0623
9.30038591225942e-4,M0624
0.0023256087442860007,M0625
0.0011673924745991826,M0626
0.0011673924745991826,M0627
0.001274030189961195,M0628
0.0012242421507835388,M0629
0.0012257201829925179,M0630
0.0013023314143841465,M0631
0.001815321622416377,M0632
0.002120563139518102,M0633
0.001446703216060996,M0634
6.41935330349952e-4,M0635
0.0012267485726624727,M0636
0.0012267485726624727,M0637
0.0013460890234758456,M0638
0.0011730125406756997,M0639
0.0012641815313448508,M0640
6.207287951838225e-4,M0641
9.361273841932416e-4,M0642
0.0010134103940799832,M0643
0.0010134103940799832,M0644
8.974858792498708e-4,M0645
8.218237198889256e-4,M0646
8.470444396759073e-4,M0647
9.361273841932416e-4,M0648
0.0010271815893550713,M0649
9.78551572188735e-4,M0650
9.729133453220129e-4,M0651
0.0010035457322373985,M0652
0.0013345008483156562,M0653
0.0013345008483156562,M0654
6.518871523439884e-4,M0655
9.55986266490072e-4,M0656
9.55986266490072e-4,M0657
0.001174255507066846,M0658
0.0012519668089225888,M0659
0.0012519668089225888,M0660
0.0012519668089225888,M0661
0.0012519668089225888,M0662
0.001174255507066846,M0663
0.0014059244422242045,M0664
0.0014059244422242045,M0665
0.0014694156125187874,M0666
0.0016271012524763744,M0667
0.0017949719913303852,M0668
0.0012158707637960713,M0669
0.0013883290812373161,M0670
0.0013883290812373161,M0671
0.0011670198291540146,M0672
0.0012922940077260137,M0673
0.0014296203153207898,M0674
9.392302405710021e-4,M0675
9.633302688598633e-4,M0676
9.633302688598633e-4,M0677
7.909251027740539e-4,M0678
8.868776882688204e-4,M0679
8.868776882688204e-4,M0680
0.0013615002389997244,M0681
0.0013891678536310792,M0682
8.616125172314545e-4,M0683
6.659808568656445e-4,M0684
5.084092845208943e-4,M0685
5.62997767701745e-4,M0686
8.173151290975511e-4,M0687
0.001391107488113145,M0688
0.001908782054670155,M0689
0.0017797637032344938,M0690
0.001908782054670155,M0691
0.001908782054670155,M0692
9.94995003566146e-4,M0693
9.411668870598078e-4,M0694
0.0010524608272438247,M0695
0.0020257418509572744,M0696
9.433229570277035e-4,M0697
9.433229570277035e-4,M0698
0.001116194878704846,M0699
0.0010413078125566244,M0700
0.0010413078125566244,M0701
5.527280736714602e-4,M0702
0.0010543157113716006,M0703
0.0010271815893550713,M0704
0.0010543157113716006,M0705
0.0016396339749917388,M0706
0.0014072592603042722,M0707
0.0011272064875811338,M0708
0.0011272064875811338,M0709
0.0011743635404855013,M0710
0.0014955224469304085,M0711
0.0012356435181573033,M0712
0.0014955224469304085,M0713
0.0011002238607034087,M0714
0.0011002238607034087,M0715
0.0011129317960391443,M0716
0.0011002238607034087,M0717
0.0011002238607034087,M0718
0.001058500357127438,M0719
0.0010694553260691465,M0720
9.849541432534654e-4,M0721
9.750533499754965e-4,M0722
9.750533499754965e-4,M0723
0.0016022324950123827,M0724
9.29038777636985e-4,M0725
0.001005055964924395,M0726
8.347916882485151e-4,M0727
0.0010758271673694253,M0728
8.37308238260448e-4,M0729
0.001025448669679463,M0730
0.0010088453224549692,M0731
7.923054120813807e-4,M0732
0.0010771520901471376,M0733
5.612011688450972e-4,M0734
0.0015580742619931698,M0735
0.001123217516578734,M0736
0.001123217516578734,M0737
0.0011774291827653844,M0738
9.216093070184191e-4,M0739
0.0010611474281176925,M0740
0.001052888110280037,M0741
0.0010611474281176925,M0742
0.0010611474281176925,M0743
0.001029588592549165,M0744
0.001391107488113145,M0745
0.001045165117830038,M0746
0.0012239284114912152,M0747
0.0016293385609363515,M0748
0.0016322960145771503,M0749
0.0016322960145771503,M0750
0.0010479276650585234,M0751
0.0011498507810756564,M0752
9.311600006185472e-4,M0753
0.00107695385425662,M0754
9.311600006185472e-4,M0755
0.00107695385425662,M0756
9.311600006185472e-4,M0757
9.651241241954267e-4,M0758
9.311600006185472e-4,M0759
0.0012224311474710702,M0760
7.775522535666823e-4,M0761
4.244836454745382e-4,M0762
9.128658566623926e-4,M0763
7.2413954573373e-4,M0764
0.0012134684172148507,M0765
9.368845688489577e-4,M0766
0.0010134103940799832,M0767
6.850072531960905e-4,M0768
6.850072531960905e-4,M0769
6.850072531960905e-4,M0770
0.0012667564442381263,M0771
0.0010728400472241144,M0772
0.0012667564442381263,M0773
7.845171882460514e-4,M0774
0.0016205600695684552,M0775
3.619792405515909e-4,M0776
3.7971919518895445e-4,M0777
3.3304313546977937e-4,M0778
7.489306735806167e-4,M0779
0.0010509017932539184,M0780
0.0015640745405107737,M0781
0.0018374068895354867,M0782
0.0016155469153697293,M0783
0.0018374068895354867,M0784
0.0014744088985025883,M0785
9.987218072637916e-4,M0786
9.743932751007378e-4,M0787
0.0010464410297572613,M0788
0.0010464410297572613,M0789
0.0010464410297572613,M0790
0.0010224251115384202,M0791
0.001968473894521594,M0792
0.0018941465532407165,M0793
0.001968473894521594,M0794
0.001531448564492166,M0795
0.001531448564492166,M0796
0.0014840216608718038,M0797
0.001968473894521594,M0798
0.001531448564492166,M0799
0.0021277342457324266,M0800
0.0018227987845117848,M0801
0.0016192897067715724,M0802
0.0018227987845117848,M0803
0.001968473894521594,M0804
0.0013396169524639845,M0805
0.0013548873830586672,M0806
0.001413828576914966,M0807
0.001305156503804028,M0808
0.001204072032123804,M0809
0.001204072032123804,M0810
0.0014681646134704351,M0811
0.0014681646134704351,M0812
0.0014073894126340747,M0813
0.0013396169524639845,M0814
0.0013705894351005554,M0815
0.0014681646134704351,M0816
0.0014681646134704351,M0817
0.0014681646134704351,M0818
0.0010551479645073414,M0820
0.001182928526153167,M0824
0.0010551479645073414,M0825
0.0013081555720418693,M0826
0.0010551479645073414,M0827
0.0012074703117832541,M0828
8.265803568065167e-4,M0829
0.0016182243125513196,M0830
0.0017933491035364568,M0831
0.0016182243125513196,M0832
0.0016182243125513196,M0833
0.0016182243125513196,M0834
0.0016182243125513196,M0835
0.0016182243125513196,M0836
0.0014101786073297262,M0837
0.0014101786073297262,M0838
0.0014101786073297262,M0839
9.875275233450036e-4,M0840
9.153270511887968e-4,M0841
7.720145513303578e-4,M0842
8.947724243625998e-4,M0843
8.961004205048084e-4,M0844
8.961004205048084e-4,M0845
9.222374840949973e-4,M0846
8.961004205048084e-4,M0847
0.00050742008412877715,M0848
0.0010717642726376653,M0849
7.626900332979858e-4,M0850
0.0010381375905126333,M0851
7.834095352639755e-4,M0852
2.471187908668071e-4,M0853
4.331073723733425e-4,M0854
8.095830368498961e-4,M0855
7.626900332979858e-4,M0856
3.091149847023189e-4,M0857
0.001170443487353623,M0858
0.0013412408685932558,M0859
0.0010564157273620367,M0860
0.0019858484156429768,M0861
0.0011025393614545465,M0862
0.0012269208673387766,M0863
0.0012269208673387766,M0864
0.0010801814263686539,M0865
0.001178888836875558,M0866
0.001119371154345572,M0867
0.001178888836875558,M0868
0.001178888836875558,M0869
0.0011894175549969077,M0870
0.0015076097333803773,M0871
0.0016981442458927631,M0872
0.0016981442458927631,M0873
0.0015076097333803773,M0874
0.001634632741721968,M0875
0.0016221957048401237,M0876
0.00147109463190039,M0877
7.072245934978127e-4,M0878
0.001217194755251209,M0879
0.0014009969600010663,M0880
0.0012949914671480656,M0881
0.0012949914671480656,M0882
0.0015158390160650015,M0883
0.0011845676926895976,M0884
0.0012949914671480656,M0885
0.0010024497751146555,M0886
0.0010183884878642857,M0887
9.202156797982752e-4,M0888
0.001014344277791679,M0889
0.0011673924745991826,M0890
9.70068562310189e-4,M0891
9.451421210542321e-4,M0892
0.001680839341133833,M0893
0.0011126581812277436,M0894
9.953187545761466e-4,M0895
9.442578302696347e-4,M0896
0.0013317239936441183,M0897
0.0013317239936441183,M0898
0.0010698475719739993,M0900
0.0011025393614545465,M0901
0.0010698475719739993,M0902
0.0010272137199838955,M0903
0.0010272137199838955,M0904
0.0012243661331012845,M0905
0.0012003271840512753,M0906
8.811283041723073e-4,M0907
0.001093275030143559,M0908
0.001093275030143559,M0909
0.0011232617544010282,M0910
0.001122077484615147,M0911
0.0011154235883926351,M0912
0.0012539872744431098,M0913
0.0010413078125566244,M0914
0.0010226941667497158,M0915
7.085187244229019e-4,M0916
7.085187244229019e-4,M0917
9.082860973042747e-4,M0918
9.029619977809489e-4,M0919
8.663954795338213e-4,M0920
9.029619977809489e-4,M0921
0.001448898226954043,M0922
0.0011025393614545465,M0923
0.0011025393614545465,M0924
0.0010858736544226606,M0925
8.867580909281969e-4,M0926
8.867580909281969e-4,M0927
8.16711806692183e-4,M0928
5.704320501536131e-4,M0929
0.001281051430851221,M0930
0.0011581616903034349,M0931
0.0013184885727241635,M0932
0.0015048530185595155,M0933
9.55280673224479e-4,M0934
9.55280673224479e-4,M0935
0.0010063082445412874,M0936
8.792881853878498e-4,M0937
0.0016238089883700013,M0938
7.697987603023648e-4,M0939
7.697987603023648e-4,M0940
7.206748123280704e-4,M0941
0.0011670198291540146,M0942
0.001139483298175037,M0943
0.0011144953314214945,M0944
0.0011704993667080998,M0945
0.0011075481306761503,M0946
0.001021306263282895,M0947
5.133615341037512e-4,M0948
0.0017595555788526933,M0949
0.0016585749108344316,M0950
0.0016585749108344316,M0951
0.0013845119974575937,M0952
8.161931958359977e-4,M0953
7.048690264734129e-4,M0954
0.0016333152307197452,M0955
0.0014092446072027087,M0956
0.0014092446072027087,M0957
0.0012247639941051602,M0958
8.231219253502786e-4,M0959
9.409404786614081e-4,M0960
0.0010848601814359426,M0961
9.409404786614081e-4,M0962
9.953111060895027e-4,M0963
9.409404786614081e-4,M0964
0.0011318496894091369,M0965
9.968332014977932e-4,M0966
0.001424266491085291,M0969
0.001014344277791679,M0970
2.9610494190516573e-4,M0971
7.888415129855275e-4,M0972
8.919445681385696e-4,M0973
9.98661620542407e-4,M0974
9.98661620542407e-4,M0975
9.98661620542407e-4,M0976
6.10679475357756e-4,M0977
6.085831361512343e-4,M0978
9.603165866186222e-4,M0979
9.603165866186222e-4,M0980
0.0010588414734229445,M0981
0.0013615002389997244,M0982
0.0013514917809516191,M0983
9.858983103185892e-4,M0984
8.680016229239603e-4,M0985
8.680016229239603e-4,M0986
0.0015691388864070178,M0987
9.983242838643492e-4,M0988
9.847921668551863e-4,M0989
0.0010002835188060999,M0990
9.77729990457495e-4,M0991
9.983242838643492e-4,M0992
9.85282570278893e-4,M0993
0.0011947836028411984,M0994
0.0012009741039946675,M0995
9.442578302696347e-4,M0996
0.001058173947967589,M0997
0.0010271618181529145,M0998
0.0011348200496286154,M0999
0.0013154700864106417,M1000
0.0010881387861445546,M1001
0.0013154700864106417,M1002
0.0011846513176957767,M1003
9.603165866186222e-4,M1004
0.0013154700864106417,M1005
0.0015921512385830283,M1006
0.0014104725560173392,M1007
0.0014104725560173392,M1008
7.538278975213567e-4,M1009
0.0012771668843925,M1010
0.001314012527776261,M1011
9.835370583459735e-4,M1012
9.835370583459735e-4,M1013
9.835370583459735e-4,M1014
7.054940797388554e-4,M1015
0.0013885166263207793,M1016
0.0011673924745991826,M1017
9.91778001965334e-4,M1018
9.723774467905363e-4,M1019
9.206209797412157e-4,M1020
0.0011682765325531363,M1021
7.388755911961198e-4,M1022
7.388755911961198e-4,M1023
0.0010974978019172947,M1024
0.001444274210371077,M1025
0.0014963192865252496,M1026
0.0016373074613511562,M1027
0.0015077053491647046,M1028
0.0015280089573934674,M1029
9.898280259221792e-4,M1030
0.0013113069580867887,M1031
0.001763732056133449,M1032
0.0012573846615850925,M1033
0.0012318047229200602,M1034
7.339725270867348e-4,M1035
7.847589052592715e-4,M1036
8.101520943455398e-4,M1037
8.101520943455398e-4,M1038
0.001531448564492166,M1039
0.0020031030289828777,M1040
0.002088013027484218,M1041
0.0013989175204187632,M1042
0.0018480194654936593,M1043
0.0011103566503152251,M1044
0.0015777231116468708,M1045
0.0017685263883322477,M1046
0.0017685263883322477,M1047
0.0017685263883322477,M1048
0.0017685263883322477,M1049
0.0017431225472440322,M1050
0.0013089884305372834,M1051
0.0013089884305372834,M1052
9.754269267432392e-4,M1053
9.361273841932416e-4,M1054
0.0010134103940799832,M1055
0.001032892381772399,M1056
0.0010464410297572613,M1057
0.0013858237070962787,M1058
0.0010134103940799832,M1059
0.001325381570495665,M1060
0.0013369301644464333,M1061
9.79056969905893e-4,M1062
9.17200290132314e-4,M1063
9.17200290132314e-4,M1064
9.17200290132314e-4,M1065
9.17200290132314e-4,M1066
9.17200290132314e-4,M1067
0.0015723156975582242,M1068
0.0017684584017843008,M1069
0.0012758028460666537,M1070
8.508208557032049e-4,M1071
5.203479280074438e-4,M1072
6.002965965308249e-4,M1073
5.597227718681097e-4,M1074
5.359131998072068e-4,M1075
6.600471679121256e-4,M1077
5.962991466124853e-4,M1078
5.962991466124853e-4,M1079
6.566850934177637e-4,M1080
0.001299145631492138,M1081
0.0010298483539372683,M1082
0.0014337942702695727,M1083
0.0012632118305191398,M1084
0.0013534855097532272,M1085
8.355118334293365e-4,M1086
8.355118334293365e-4,M1087
0.0013892118198176224,M1088
0.0012177879689261317,M1089
8.071741904132068e-4,M1090
8.785817384098967e-4,M1091
8.481938469534119e-4,M1092
6.823079117263356e-4,M1093
9.287216234952211e-4,M1094
9.287216234952211e-4,M1095
0.0013885166263207793,M1096
0.0013199124950915575,M1097
0.0013189518358558416,M1098
0.0010873045539483428,M1099
0.0010329229990020394,M1100
0.001157795311883092,M1101
0.0013140738010406494,M1102
0.0012619809713214636,M1103
8.685425273142755e-4,M1104
8.685425273142755e-4,M1105
8.685425273142755e-4,M1106
9.737436776049435e-4,M1107
0.0012821890413761139,M1108
0.0016232853522524238,M1109
0.0010626453440636396,M1110
0.0014191226800903678,M1111
0.001086604967713356,M1112
0.0010626453440636396,M1113
0.0010385975474491715,M1114
0.0010626453440636396,M1115
0.0019738906218359866,M1116
0.0018689034041017294,M1117
0.0012155604781582952,M1118
0.0012155604781582952,M1119
0.0011373161105439067,M1120
0.001341837691143155,M1121
0.0014602774754166603,M1122
0.0017190134385600686,M1123
0.0013154700864106417,M1124
8.993824012577534e-4,M1125
0.0010450720243776839,M1126
9.81073477305472e-4,M1127
0.0014708566013723612,M1128
0.0014708566013723612,M1129
0.0014708566013723612,M1130
0.0011360224103555082,M1131
3.778396639972925e-4,M1132
3.8085394771769643e-4,M1133
0.0011097514536231757,M1135
0.0011015202617272735,M1136
0.0011240612249821425,M1137
0.0011955367711683114,M1138
0.0014602774754166603,M1139
0.001106054289266467,M1140
5.791238509118557e-4,M1141
0.0010850549442693591,M1142
0.0010996230877935887,M1143
9.756386280059814e-4,M1144
5.991617314672718e-4,M1145
0.0013464893757676084,M1146
0.0012056948617100716,M1147
0.0011791459983214736,M1148
0.001070229453034699,M1149
0.0021672872826457024,M1150
0.002134606164569656,M1151
0.0020692439284175634,M1152
0.0020692439284175634,M1153
0.0010990622686222196,M1154
0.0010584458165491621,M1155
0.0010990622686222196,M1156
0.0010946443071588874,M1157
0.0011157068656757474,M1158
0.0010426572989672422,M1159
0.0011157068656757474,M1160
0.0011221581371501088,M1161
7.679332435751954e-4,M1162
0.0011221581371501088,M1163
9.98096656985581e-4,M1164
9.98096656985581e-4,M1165
0.0017918755766004324,M1166
0.0011886648135259748,M1168
0.0010983696750675638,M1169
0.0010850669738526146,M1170
0.0010834336280822754,M1171
0.0011419025637830298,M1172
0.0011509452015161514,M1173
0.0010636885029574235,M1174
0.0010382802865933627,M1175
9.620556375011802e-4,M1176
7.085187244229019e-4,M1177
7.085187244229019e-4,M1178
0.001197878853417933,M1179
0.0012256924528628588,M1180
0.0013343396130949259,M1181
0.0011282468913123012,M1182
0.0011417849455028772,M1183
0.0011417849455028772,M1184
0.001013394018324713,M1185
0.001013394018324713,M1186
0.0011417849455028772,M1187
7.815678254701197e-4,M1188
7.815678254701197e-4,M1189
7.919341907836497e-4,M1190
5.24527276866138e-4,M1191
7.563721155747771e-4,M1193
7.299604476429522e-4,M1194
7.160241560389599e-4,M1195
7.815678254701197e-4,M1196
6.970360409468412e-4,M1197
7.831183029338717e-4,M1198
7.831183029338717e-4,M1199
8.231219253502786e-4,M1200
8.231219253502786e-4,M1201
8.231219253502786e-4,M1202
0.001207408922103544,M1203
9.62229484381775e-4,M1204
0.0013045785017311573,M1205
0.001369739999063313,M1206
0.001124539808370173,M1207
8.919445681385696e-4,M1208
6.847726763226092e-4,M1209
8.433067239820957e-4,M1210
4.0088765672408044e-4,M1211
8.430873858742416e-4,M1212
9.333468430365125e-4,M1213
7.545536694427332e-4,M1214
8.587502525188029e-4,M1215
8.587502525188029e-4,M1216
8.587502525188029e-4,M1217
6.019473075866699e-4,M1218
5.146280163899064e-4,M1219
9.539481834508479e-4,M1220
8.812230662442744e-4,M1221
0.0014752320712432265,M1222
7.577010546810925e-4,M1223
0.0011447353366141517,M1224
0.0012537230116625626,M1225
6.323200068436563e-4,M1226
6.747956504113972e-4,M1227
6.747956504113972e-4,M1228
8.288088138215244e-4,M1229
8.662615049009522e-4,M1230
8.662615049009522e-4,M1231
8.300888584926724e-4,M1232
6.425237515941262e-4,M1233
6.425237515941262e-4,M1234
8.300888584926724e-4,M1235
8.106470777420327e-4,M1236
8.300888584926724e-4,M1237
7.046187723365923e-4,M1238
0.001046661597987016,M1239
0.0018374068895354867,M1240
0.0018374068895354867,M1241
7.796454592607915e-4,M1242
0.0012567320372909307,M1243
7.465924330366155e-4,M1244
7.465924330366155e-4,M1245
5.381355877034366e-4,M1246
5.946978344582021e-4,M1247
5.381355877034366e-4,M1248
8.508208557032049e-4,M1249
0.0011684891069307923,M1250
8.910921169444919e-4,M1251
0.0010130986338481307,M1252
4.324556211940944e-4,M1253
4.324556211940944e-4,M1254
8.481938469534119e-4,M1255
6.628118571825325e-4,M1256
7.99111439846456e-4,M1257
7.082450514038404e-4,M1258
5.169170908629894e-4,M1259
7.99111439846456e-4,M1260
8.481938469534119e-4,M1261
0.001119241933338344,M1262
0.0015449781203642488,M1263
7.904883241280913e-4,M1264
9.972447102578978e-4,M1265
0.0015008687041699886,M1266
0.0013864575885236263,M1267
0.0013864575885236263,M1268
0.0010251067578792572,M1269
6.584046447339157e-4,M1270
8.534592925570905e-4,M1271
0.0014322621282190084,M1272
5.799448699690402e-4,M1273
0.001119371154345572,M1274
0.001178888836875558,M1275
8.347916882485151e-4,M1276
0.0015884635504335165,M1277
0.0012172972783446312,M1278
8.19289474748075e-4,M1279
8.299380424432456e-4,M1280
9.138982859440148e-4,M1281
9.186760677645603e-4,M1282
8.150912472046912e-4,M1283
8.259256719611585e-4,M1284
8.475945214740932e-4,M1285
0.0013813249533995986,M1286
0.0013226261362433434,M1287
0.001479888257260124,M1288
0.0015585193177685142,M1289
0.0015585193177685142,M1290
0.0015585193177685142,M1291
0.0010419766185805202,M1292
0.0012449806090444326,M1293
0.0014682467638825376,M1294
0.0020583467558026314,M1295
8.931555203162134e-4,M1296
7.581479148939252e-4,M1297
6.592952995561063e-4,M1298
0.001609998056665063,M1299
0.0010979135986417532,M1300
0.0013883290812373161,M1301
0.0014975987141951919,M1302
5.791238509118557e-4,M1303
4.4073982280679047e-4,M1304
0.001094390859361738,M1305
7.603322737850249e-4,M1306
5.725752174233397e-4,M1307
7.603322737850249e-4,M1308
7.603322737850249e-4,M1309
6.419467972591519e-4,M1310
0.0013401828473433852,M1311
0.0010692859068512917,M1312
0.0010692859068512917,M1313
0.001457281643524766,M1314
0.0013885166263207793,M1315
0.0014357666562621791,M1316
0.0014357666562621791,M1317
6.484394349778692e-4,M1318
6.855077808722854e-4,M1319
7.41160047861437e-4,M1320
6.855077808722854e-4,M1321
6.855077808722854e-4,M1322
9.117991430684924e-4,M1323
8.218237198889256e-4,M1324
9.117991430684924e-4,M1325
0.0014792006695643067,M1326
7.904883241280913e-4,M1327
7.904883241280913e-4,M1328
0.0014345190720632672,M1329
0.001422744244337082,M1330
0.001380084043679138,M1331
0.0012633221922442317,M1332
9.0424584535261e-4,M1333
9.82543220743537e-4,M1334
9.629147049660484e-4,M1335
5.736348684877157e-4,M1336
5.736348684877157e-4,M1337
0.0013208094363411267,M1338
0.0014118768740445375,M1339
0.00121434370521456,M1340
0.00121434370521456,M1341
0.0010499029885977507,M1342
0.0012592233251780272,M1343
0.0012592233251780272,M1344
0.001001934501497696,M1345
0.001161525258794427,M1346
0.0015950376400724053,M1347
0.0015950376400724053,M1348
0.0010187278967350721,M1349
0.00141321518458426,M1350
0.001527901350830992,M1351
0.0010905441207190354,M1352
8.355118334293365e-4,M1353
0.0014106223825365305,M1354
9.176903016244372e-4,M1355
9.176903016244372e-4,M1356
0.001390529447235167,M1357
8.506483670013646e-4,M1358
8.506483670013646e-4,M1359
8.867246409257253e-4,M1360
0.001200069091282785,M1361
0.0011905996361747384,M1362
0.001200069091282785,M1363
0.0014708566013723612,M1364
0.001482110043677191,M1365
0.0014708566013723612,M1366
0.0011277677258476615,M1367
8.961987332440913e-4,M1368
0.0010732893133535981,M1369
0.0013473621802404523,M1370
8.101520943455398e-4,M1371
7.895691378507763e-4,M1372
6.998275057412684e-4,M1373
8.425508664610485e-4,M1374
8.587502525188029e-4,M1375
0.0010209842585027218,M1376
7.581479148939252e-4,M1377
0.0010401541600003838,M1378
0.0010494982125237584,M1379
0.0010477672331035137,M1380
0.0010477672331035137,M1381
0.001395304244942963,M1382
0.0013370944652706385,M1383
0.0014840216608718038,M1384
0.0014123614722241957,M1385
0.0014840216608718038,M1386
0.0014365947572514415,M1387
0.0012494391994550824,M1388
0.0014361700741574168,M1389
0.001428072340786457,M1390
8.925108122639358e-4,M1391
8.925108122639358e-4,M1392
0.0011246101930737495,M1393
0.0012207138740147154,M1394
0.0012136573204770684,M1395
0.0012136573204770684,M1396
0.0012242421507835388,M1397
0.0011254871496930718,M1399
0.0011254871496930718,M1400
0.0011218232102692127,M1401
0.0017294870146239798,M1402
0.0010849282145500184,M1403
0.0010363220237195492,M1404
0.0011845676926895976,M1405
0.0010363220237195492,M1406
0.0011703067769606907,M1407
0.0011845676926895976,M1408
0.0011417849455028772,M1409
0.0010363220237195492,M1410
9.568603709340096e-4,M1411
9.491985547356308e-4,M1412
0.0011845676926895976,M1413
0.0014322621282190084,M1414
9.733300345639387e-4,M1415
0.001179346116259694,M1416
9.932195534929633e-4,M1417
8.512582280673087e-4,M1418
0.001110086077824235,M1419
8.218237198889256e-4,M1420
8.218237198889256e-4,M1421
8.400906420623263e-4,M1422
9.9756452254951e-4,M1423
8.7463523959741e-4,M1424
3.357994428370148e-4,M1425
3.357994428370148e-4,M1426
3.357994428370148e-4,M1427
2.766790081902097e-4,M1428
3.357994428370148e-4,M1429
8.101520943455398e-4,M1430
8.101520943455398e-4,M1431
8.918173843994737e-4,M1432
9.987218072637916e-4,M1433
8.147964254021645e-4,M1434
7.965842572351297e-4,M1435
0.0012426298344507813,M1436
9.441404254175723e-4,M1437
6.053041045864423e-4,M1438
7.432606459284822e-4,M1439
5.084092845208943e-4,M1440
7.383975316770375e-4,M1441
9.475954575464129e-4,M1442
9.475954575464129e-4,M1443
8.957237587310374e-4,M1444
0.0015627604443579912,M1445
0.00104460958391428,M1446
0.0010542514113088448,M1447
0.0014708566013723612,M1448
0.0014665234678735335,M1449
8.982552487092713e-4,M1450
9.884333703666925e-4,M1451
0.0016155310440808535,M1452
0.0012289555743336678,M1453
9.109986713156104e-4,M1454
0.0014045125572010875,M1455
7.26326135918498e-4,M1456
0.0016274312511086464,M1457
0.0016274312511086464,M1458
0.0013494154748817284,M1459
0.0012591732665896416,M1460
0.0014469040324911475,M1461
0.0014469040324911475,M1462
9.511351236142218e-4,M1463
0.00105959246866405,M1464
0.0010122634703293443,M1465
0.0010122634703293443,M1466
9.747453344364961e-4,M1467
0.0011861942475661635,M1468
0.001210633316077292,M1469
0.0012718359551702936,M1470
0.0010811688844114542,M1471
0.0014589647762477398,M1472
9.97115857899189e-4,M1473
9.741556132212281e-4,M1474
0.0010077644838020205,M1475
6.551868282258511e-4,M1476
6.39595091342926e-4,M1477
9.744731360115111e-4,M1478
9.744731360115111e-4,M1479
0.0011252535041421652,M1480
6.121290207374841e-4,M1481
5.587103660218418e-4,M1482
0.0012269208673387766,M1483
0.0013568004748473566,M1484
0.0011137769712756078,M1485
0.0010047557298094034,M1486
0.0011238172883167863,M1487
0.0011238172883167863,M1488
8.218237198889256e-4,M1489
9.170492800573508e-4,M1490
9.117991430684924e-4,M1491
0.0012003271840512753,M1492
0.0012003271840512753,M1493
0.0012003271840512753,M1494
0.0012003271840512753,M1495
0.0016754977017020185,M1496
0.001699627609923482,M1497
0.0015878056874498725,M1498
9.810758056119084e-4,M1499
8.204509310113887e-4,M1500
0.0010040176566690207,M1501
8.23335605673492e-4,M1502
8.204509310113887e-4,M1503
8.46664363052696e-4,M1504
0.0013286254834383726,M1505
5.058877674552301e-4,M1506
9.0267447133859e-4,M1507
6.566850934177637e-4,M1508
0.0010037231259047985,M1509
0.0010975949699059129,M1510
8.641505264677107e-4,M1511
0.001005055964924395,M1512
9.971344067404668e-4,M1513
9.335509967058897e-4,M1514
0.001034177280962467,M1515
0.0010343782836571337,M1516
0.0016488946275785565,M1517
0.0016488946275785565,M1518
9.184013664101561e-4,M1519
0.0013021689373999834,M1520
0.0013021689373999834,M1521
0.0010971222072839737,M1522
0.0013021689373999834,M1523
9.488922194577753e-4,M1524
9.579835459589958e-4,M1525
0.0012667564442381263,M1526
9.555862828468283e-4,M1527
0.0014433726901188493,M1528
0.0016119915526360273,M1529
0.0016119915526360273,M1530
0.0011724004289135337,M1531
9.326229337602854e-4,M1532
9.729133453220129e-4,M1533
0.0014489067640776436,M1534
0.0015844610752537847,M1535
8.650573785416782e-4,M1536
0.0012710371520370245,M1537
0.0014295557048171759,M1538
0.0012544129276648164,M1539
9.916784707456826e-4,M1540
0.0010864521143957972,M1541
0.0011309824185445905,M1542
0.0011053131505226095,M1543
0.0010581605602055788,M1544
0.0010581605602055788,M1545
0.0010581605602055788,M1546
9.360528783872724e-4,M1547
9.34657563144962e-4,M1548
9.34657563144962e-4,M1549
0.0010539746144786477,M1550
0.0011169183999300003,M1551
0.0019595835668345294,M1552
0.001707017538137734,M1553
0.0016749888891354203,M1554
0.0017710748361423612,M1555
8.206452087809643e-4,M1556
7.614712230861187e-4,M1557
7.384950295090675e-4,M1558
8.328005981942018e-4,M1559
0.0014989807968959212,M1560
0.0014989807968959212,M1561
0.0012565430176133912,M1562
0.0012186189414933324,M1563
0.0011408694554120302,M1564
0.0010047180112451315,M1565
0.0013741179136559367,M1566
0.0010312090162187815,M1567
8.247343163626889e-4,M1568
8.767726249061525e-4,M1569
7.987151620909572e-4,M1570
0.001309092273004353,M1571
0.001309092273004353,M1572
6.975553114898503e-4,M1573
0.00065206579165533185,M1574
0.0011684518540278077,M1575
0.0010499472652251522,M1576
6.365106673911214e-4,M1577
6.365106673911214e-4,M1578
6.365106673911214e-4,M1579
7.185567325601975e-4,M1580
0.0012800461845472455,M1581
0.001631300081498921,M1582
9.8129129037261e-4,M1583
7.514820899814367e-4,M1584
9.445084724575281e-4,M1585
